{"cameraMode":{"drawMode":0,"name":"Shaded","section":"Shading Mode"},"sceneLighting":false,"audioPlay":false,"sceneViewState":{"m_AlwaysRefresh":false,"showFog":false,"showSkybox":false,"showFlares":false,"showImageEffects":false,"showParticleSystems":false,"showVisualEffectGraphs":true,"m_FxEnabled":false},"in2DMode":false,"pivot":{"x":0.0001971721649169922,"y":6.840239524841309,"z":-1.5385631322860718},"rotation":{"x":-0.005398135632276535,"y":0.008407765999436379,"z":-0.000046997967729112133,"w":-0.9999566674232483},"size":9.893518447875977,"orthographic":true}