{"cameraMode":{"drawMode":0,"name":"Shaded","section":"Shading Mode"},"sceneLighting":false,"audioPlay":false,"sceneViewState":{"m_AlwaysRefresh":false,"showFog":true,"showSkybox":true,"showFlares":true,"showImageEffects":true,"showParticleSystems":true,"showVisualEffectGraphs":true,"m_FxEnabled":false},"in2DMode":false,"pivot":{"x":43.20206832885742,"y":4.125118255615234,"z":5.900689125061035},"rotation":{"x":-0.0027621362823992969,"y":-0.9936623573303223,"z":0.10955463349819184,"w":-0.02505427412688732},"size":1511.0501708984375,"orthographic":false}