{"cameraMode":{"drawMode":0,"name":"Shaded","section":"Shading Mode"},"sceneLighting":false,"audioPlay":false,"sceneViewState":{"m_AlwaysRefresh":false,"showFog":true,"showSkybox":true,"showFlares":true,"showImageEffects":true,"showParticleSystems":true,"showVisualEffectGraphs":true,"m_FxEnabled":false},"in2DMode":false,"pivot":{"x":49.242774963378909,"y":2.7690460681915285,"z":3.5951309204101564},"rotation":{"x":-0.0001016070309560746,"y":-0.9964486956596375,"z":0.08421003073453903,"w":-0.0012044317554682494},"size":4.745166778564453,"orthographic":false}