{"cameraMode":{"drawMode":0,"name":"Shaded","section":"Shading Mode"},"sceneLighting":true,"audioPlay":false,"sceneViewState":{"m_AlwaysRefresh":false,"showFog":true,"showSkybox":true,"showFlares":true,"showImageEffects":true,"showParticleSystems":true,"showVisualEffectGraphs":true,"m_FxEnabled":false},"in2DMode":false,"pivot":{"x":-48.3254280090332,"y":15.66929817199707,"z":-25.41482925415039},"rotation":{"x":0.003496231511235237,"y":0.9900170564651489,"z":0.13869765400886537,"w":-0.024952087551355363},"size":24.962631225585939,"orthographic":false}