{"cameraMode":{"drawMode":0,"name":"Shaded","section":"Shading Mode"},"sceneLighting":false,"audioPlay":false,"sceneViewState":{"m_AlwaysRefresh":false,"showFog":true,"showSkybox":true,"showFlares":true,"showImageEffects":true,"showParticleSystems":true,"showVisualEffectGraphs":true,"m_FxEnabled":false},"in2DMode":false,"pivot":{"x":20.523588180541993,"y":5.4225687980651859,"z":-7.355376243591309},"rotation":{"x":0.003424918744713068,"y":-0.9854271411895752,"z":0.020108360797166826,"w":0.1689494550228119},"size":19.858097076416017,"orthographic":true}