{"cameraMode":{"drawMode":0,"name":"Shaded","section":"Shading Mode"},"sceneLighting":false,"audioPlay":false,"sceneViewState":{"m_AlwaysRefresh":false,"showFog":true,"showSkybox":true,"showFlares":true,"showImageEffects":true,"showParticleSystems":true,"showVisualEffectGraphs":true,"m_FxEnabled":false},"in2DMode":false,"pivot":{"x":43.1674690246582,"y":2.6542747020721437,"z":4.033039093017578},"rotation":{"x":-0.000008512683962180745,"y":-0.9996018409729004,"z":0.0003094807325396687,"w":-0.02820505201816559},"size":3.1546988487243654,"orthographic":false}